{"cameraMode":{"drawMode":0,"name":"Shaded","section":"Shading Mode"},"sceneLighting":true,"audioPlay":false,"sceneViewState":{"m_AlwaysRefresh":true,"showFog":false,"showSkybox":true,"showFlares":true,"showImageEffects":true,"showParticleSystems":true,"showVisualEffectGraphs":true,"m_FxEnabled":true},"in2DMode":false,"pivot":{"x":0.00004845857620239258,"y":0.8209644556045532,"z":0.013475768268108368},"rotation":{"x":-0.1381494402885437,"y":0.8040405511856079,"z":-0.20548483729362489,"w":-0.5405642986297607},"size":1.2800196409225464,"orthographic":false}